positive_reviews,negative_reviews,english,achievements,average_playtime,price_class
870,181,1,25,1726,1
3782,533,1,56,1293,1
3102,1638,1,23,600,1
476,970,1,52,1996,1
4436,1522,1,69,1011,1
3454,202,1,42,2241,1
3181,614,1,59,1056,1
2929,1605,1,57,2186,1
140,846,1,48,2348,1
1695,857,1,41,1865,1
779,1545,1,75,510,0
2401,1542,1,99,2243,1
2443,26,1,65,488,1
1194,1140,1,10,1604,0
4565,1085,1,97,522,1
3395,1094,1,89,2342,1
4127,846,1,17,610,1
4853,102,1,84,1450,2
2914,1172,1,99,1133,1
484,1908,1,51,198,0
1092,439,1,45,998,1
2568,641,1,43,1891,1
2057,1707,1,21,397,0
2757,1114,1,52,2298,1
985,592,0,58,1815,1
1816,348,1,93,2043,1
199,1964,1,29,1764,0
2744,1322,1,7,2233,1
3015,1984,1,97,396,1
4668,575,1,56,1504,1
1909,1678,1,72,862,1
1277,615,1,19,461,0
1538,1732,1,24,2334,1
3212,247,1,18,1768,1
3566,1859,1,4,222,1
3900,565,1,74,50,1
656,964,1,78,1155,1
2898,36,1,71,2351,1
2445,395,1,82,609,1
610,281,1,86,2034,1
2373,536,1,26,2040,1
2071,1182,1,39,1792,1
251,387,1,95,1861,1
2051,1096,1,25,1789,1
2834,1906,1,26,2391,1
2622,888,1,61,1914,1
1373,218,1,82,2101,1
1488,1683,0,49,153,0
2566,380,1,41,342,1
785,748,1,28,1007,0
4024,217,1,38,1429,1
44,83,0,59,64,0
3162,1754,1,40,1340,1
1965,632,0,32,1456,1
1595,608,1,82,1450,1
3953,786,1,82,2382,1
3083,1951,1,96,1743,1
1031,1409,0,15,1704,0
3471,1005,1,22,89,1
2623,684,1,6,994,1
3853,62,1,25,874,1
1510,1824,1,95,1597,1
4808,1054,1,11,481,1
171,885,1,71,2131,1
4307,451,1,4,1586,1
1991,70,1,91,1512,1
1005,1949,1,68,598,0
4921,1788,1,48,1420,1
3352,1282,1,25,1915,1
4561,1927,0,4,573,1
3808,1996,0,21,476,1
1285,1072,1,78,608,1
1026,1125,1,12,1654,0
347,1582,1,27,1001,0
888,1016,1,32,1942,1
1086,231,1,22,2305,1
4897,778,1,96,1614,2
4003,683,1,17,76,1
4869,1464,0,29,479,1
389,1819,1,25,1734,0
502,605,1,15,2343,0
2072,383,0,76,1641,1
3894,1206,1,38,2369,1
74,1455,1,32,2366,0
2578,1943,1,25,784,1
2037,713,1,47,1146,1
2705,311,1,64,2021,1
1505,783,1,37,1496,1
401,508,0,1,141,0
4524,272,1,5,939,1
4484,1614,1,45,938,1
3571,12,1,49,2178,1
2288,1948,0,37,1230,1
3109,512,1,87,1515,1
210,480,1,17,643,0
4885,1325,1,26,1072,1
3114,168,1,40,1194,1
4608,489,1,71,298,1
2464,1625,1,91,2257,1
3655,1100,1,73,1821,1
814,571,1,16,537,0
2741,909,1,61,926,1
2783,563,1,28,1718,1
1580,1939,1,57,1416,1
2700,1972,1,69,1251,1
3850,242,1,77,1120,1
1038,1132,1,21,808,0
512,1238,1,5,1533,0
4503,558,1,25,21,1
880,832,1,38,842,0
4498,472,1,11,1251,1
216,1482,1,98,1682,1
1494,1296,1,13,2163,1
873,390,1,21,700,0
2800,779,1,50,537,1
573,852,1,22,1505,0
4201,391,1,47,902,1
1767,881,1,70,396,1
1688,263,0,49,1259,1
3252,287,1,88,1787,1
4646,1654,1,12,417,1
1069,1903,1,84,1686,1
1732,44,1,9,907,1
3324,490,1,54,720,1
3167,933,1,8,1692,1
2635,224,1,78,927,1
2739,1157,1,51,2260,1
1607,1019,1,1,426,0
3070,1028,1,24,425,1
2703,1548,1,12,1481,1
4901,617,1,97,1545,2
3637,932,1,50,94,1
1373,1920,1,57,176,0
1991,692,1,33,1105,1
1673,1647,1,34,819,0
1539,617,1,2,1554,0
2048,264,1,58,1826,1
3312,994,1,69,1002,1
2247,970,1,47,1291,1
1316,370,0,63,284,1
4039,1786,1,18,1783,1
2685,1815,1,66,1766,1
1292,548,1,81,2383,1
719,653,1,72,901,1
4754,1552,1,75,98,1
4423,1935,1,4,717,1
3758,818,1,66,396,1
4789,1915,1,10,2144,1
673,1044,1,93,2364,1
2008,1157,1,67,1883,1
3455,579,1,68,1187,1
3753,1137,1,0,449,1
1505,1915,1,90,2321,1
3314,1017,1,91,986,1
3773,1561,1,62,744,1
1863,674,1,28,642,1
4669,273,0,81,1002,1
1301,1190,0,11,182,0
3591,1288,1,76,13,1
3467,928,0,40,1673,1
1646,1130,1,1,2025,1
3706,1534,1,36,1505,1
3009,1763,1,44,1070,1
3162,1599,1,79,1064,1
708,251,1,47,390,0
2170,1668,1,23,1301,1
4107,1823,1,98,1602,1
4747,1865,1,21,175,1
864,1565,1,99,2399,1
3484,135,1,10,1052,1
1717,357,1,57,1661,1
2787,200,1,45,1217,1
1743,1821,0,28,554,0
4941,1944,1,34,2249,1
3520,934,1,14,2377,1
212,1694,1,59,106,0
3265,1410,1,94,1311,1
4228,1026,1,41,2066,1
4506,649,0,42,466,1
776,231,1,79,1828,1
4399,705,0,73,282,1
2337,1504,1,48,1041,1
2941,1505,1,63,217,1
207,269,1,31,1947,0
1940,1400,1,63,1670,1
3592,1514,0,1,1156,1
618,1462,1,23,1066,0
3282,650,0,86,1546,1
1157,215,1,65,213,1
4292,1600,1,37,1842,1
3407,1968,1,30,452,1
2521,1405,1,25,698,1
1804,1423,1,28,842,0
669,1478,1,66,2396,1
2821,947,1,77,1471,1
1379,1392,1,24,1169,0
1996,1904,1,47,396,1
156,461,1,64,2051,1
3229,729,1,52,1358,1
2921,1756,1,66,1728,1
1744,1254,1,89,689,1
1853,986,1,17,699,0
498,1159,1,8,1578,0
2986,592,1,37,1179,1
1969,480,1,86,902,1
2395,1826,1,20,962,1
2929,990,1,64,1264,1
4746,1305,1,20,793,1
1812,160,0,26,2056,1
4071,1788,1,69,1881,1
3379,1246,1,43,504,1
272,194,1,99,756,1
633,1445,1,27,1864,0
1026,985,1,44,2201,1
3653,1703,1,16,666,1
4986,1720,0,39,1892,1
2059,550,1,2,1806,1
3733,45,1,75,277,1
4558,311,1,75,2226,2
3118,947,1,65,1772,1
4100,342,1,45,2090,1
2066,1342,1,85,386,1
3180,1103,1,86,1595,1
1692,957,1,29,1473,1
2265,283,1,68,498,1
1164,1204,1,8,731,0
4509,900,1,84,955,1
3201,1690,0,10,2096,1
1706,277,1,68,1645,1
4001,841,1,98,1050,1
4733,624,1,90,2283,2
4692,1679,0,65,2124,1
1658,866,1,87,1687,1
1455,1811,1,30,1008,0
4209,1887,1,32,1787,1
3933,935,1,38,2294,1
263,293,1,93,966,1
3193,728,1,45,1599,1
2567,897,1,36,1171,1
108,276,1,91,1878,1
2210,1958,1,59,562,1
2971,1094,1,30,1643,1
4983,487,1,10,704,1
4443,940,1,86,326,1
3787,252,1,1,777,1
2879,160,1,26,1981,1
3244,1075,1,98,2315,1
3801,1963,1,1,1513,1
966,458,1,20,132,0
4077,205,1,57,2399,1
170,1688,1,4,1878,0
4503,128,1,51,1681,1
1310,5,1,44,1092,1
4921,972,1,84,1738,2
3997,1787,1,92,2317,1
1537,859,1,19,2006,1
1228,644,1,60,2152,1
4506,195,1,37,1158,1
4745,1607,1,19,2098,1
3114,520,1,24,1924,1
2745,446,1,1,263,1
4565,1949,1,31,16,1
964,1843,1,25,2126,0
4575,1834,1,69,551,1
3456,147,1,40,98,1
1055,1219,1,66,1948,1
1703,537,1,96,222,1
3446,231,1,0,275,1
572,1341,1,50,2350,1
2495,1657,1,4,1240,1
3364,953,1,12,2390,1
235,1330,1,18,1014,0
4903,1682,1,11,2104,1
969,464,1,47,631,0
4558,1429,1,24,436,1
3077,555,1,56,219,1
825,397,1,34,897,0
4764,1895,1,75,1453,1
4652,1792,1,93,163,1
3130,849,1,4,424,1
26,1235,1,97,1190,1
1253,214,1,21,1294,1
2215,1143,1,76,778,1
2534,1765,1,56,992,1
1079,650,0,46,1521,1
3454,1279,1,53,588,1
2575,223,1,2,2220,1
1070,411,1,52,1048,1
2337,1471,1,83,2252,1
3430,1631,1,30,551,1
311,1382,1,68,368,0
4286,892,1,87,859,1
616,562,1,32,436,0
3180,554,1,71,495,1
709,146,1,87,1841,1
1149,616,0,49,1482,1
200,505,1,83,1446,1
2310,844,1,15,339,1
990,706,1,75,1765,1
2985,1575,1,76,1180,1
1194,1687,1,38,268,0
3337,1570,1,88,2349,1
3404,1874,1,45,152,1
137,1535,0,95,2026,1
2075,600,1,87,636,1
1826,1909,1,46,1398,1
579,285,0,43,99,0
1905,428,1,8,729,0
2743,860,1,86,490,1
3873,274,1,49,2141,1
4731,158,1,76,1110,1
4024,618,1,59,682,1
2911,1755,1,95,526,1
1696,666,1,14,1623,1
3019,1972,1,35,791,1
164,87,1,62,2161,1
2547,1650,1,68,2045,1
1419,951,1,85,2396,1
4067,903,1,79,696,1
794,1454,1,40,1599,0
3185,1303,1,73,909,1
4351,1741,1,23,1511,1
2816,288,1,81,232,1
547,984,0,48,1086,0
1851,177,1,17,1110,1
2465,1355,1,6,1751,1
534,1746,1,3,512,0
2960,1091,1,89,1349,1
4141,1101,1,68,633,1
4790,767,1,59,1896,1
4125,1664,1,54,2222,1
2378,1403,0,15,1060,1
3857,637,0,98,1103,1
4505,1536,1,89,1995,1
2711,791,1,81,1398,1
981,947,1,28,1339,0
1176,1016,1,22,1157,0
4939,402,0,13,28,1
2784,1148,1,78,1290,1
1992,938,1,48,1055,1
863,1465,0,32,998,0
4156,1857,1,24,1583,1
3746,680,1,20,1081,1
3779,940,1,16,1216,1
584,469,1,22,1468,0
3271,290,1,56,2164,1
1158,269,1,80,1221,1
1725,324,1,57,785,1
4787,677,1,13,1869,1
4943,1404,1,92,1876,2
3864,824,1,19,1170,1
2501,93,1,29,1891,1
2670,1682,1,18,2393,1
3134,1231,1,52,1790,1
3061,825,1,55,611,1
14,1767,1,76,1604,0
4879,1005,1,81,549,1
886,1983,0,22,1105,0
1001,338,0,61,1815,1
4152,226,1,32,33,1
4374,45,1,17,633,1
4475,1736,1,72,1845,1
645,72,1,32,1089,0
1703,992,1,31,995,1
1692,1804,0,60,232,0
4762,518,1,53,188,1
129,1901,1,16,1970,0
840,1665,1,18,1483,0
3685,1650,1,90,802,1
1379,1626,1,69,893,1
750,1965,1,98,1222,1
126,1660,1,33,1611,0
2848,1155,1,83,819,1
1160,1283,1,24,970,0
1941,699,1,67,429,1
1022,1044,1,73,1197,1
1674,481,1,73,1288,1
1091,1090,1,87,1450,1
4739,885,1,84,2227,2
522,436,0,10,1350,0
2859,1698,1,90,2231,1
569,272,1,15,1051,0
3682,1063,1,89,1103,1
4593,783,1,60,1371,1
3353,1604,1,93,601,1
4080,498,1,79,536,1
4809,1590,0,6,1302,1
1480,1497,1,15,1664,0
590,1795,1,98,820,1
2304,665,1,15,197,0
3157,1353,1,39,1602,1
4259,1332,1,11,538,1
1689,1304,1,34,443,0
3516,1897,1,20,2345,1
2754,1991,1,49,1951,1
3366,1712,0,42,1814,1
4055,1957,0,99,312,1
1253,1017,1,16,96,0
3128,1229,1,31,447,1
2151,1473,1,40,1055,1
3069,1933,1,5,842,1
4558,1352,1,87,806,1
2969,1063,1,26,569,1
2275,981,1,19,771,1
2489,486,1,24,1708,1
4656,732,1,65,1134,1
1645,484,1,8,694,0
1767,1093,1,91,1174,1
4462,1036,1,52,147,1
2080,1329,1,60,587,1
2859,347,1,37,719,1
3261,1459,1,2,237,1
3740,1452,0,83,2338,1
2499,336,0,69,837,1
1641,442,1,96,440,1
2826,1616,1,54,1073,1
1025,178,1,0,1719,0
1358,563,1,69,1696,1
4621,531,1,44,1244,1
3097,1901,1,97,311,1
2849,663,1,46,1119,1
345,30,1,78,1430,1
4602,824,1,25,542,1
905,609,1,13,778,0
3556,410,1,53,1948,1
861,236,1,70,1414,1
1697,537,1,45,453,1
1941,1847,1,30,269,0
3756,1578,1,87,1548,1
2437,1816,1,58,1341,1
1578,509,1,94,79,1
4010,1697,1,28,1487,1
2748,183,1,95,1472,1
3508,136,1,16,1858,1
3923,1851,1,13,490,1
1076,1483,1,35,1177,0
4390,352,1,57,2081,1
2454,544,1,23,1208,1
4117,776,1,62,2382,1
3383,1434,1,90,1902,1
3979,80,1,24,1704,1
2556,1969,1,58,1893,1
763,583,1,31,1381,0
2092,858,1,81,807,1
2784,1520,1,17,27,0
2906,198,1,36,53,1
4195,1190,1,25,164,1
785,351,1,8,876,0
1635,955,1,98,752,1
3079,1389,1,63,1861,1
427,1797,1,71,1435,0
124,1612,0,19,234,0
626,1115,1,53,226,0
3984,1962,1,85,40,1
3277,1290,1,82,1902,1
835,218,1,29,1092,0
1526,1693,1,52,1925,1
3156,1750,1,91,907,1
422,1941,1,98,454,0
738,577,1,62,1268,1
3358,784,0,10,1140,1
2818,266,1,30,1224,1
685,734,1,48,2025,1
3475,287,0,99,1946,1
2514,1676,1,93,747,1
2977,1495,1,86,1712,1
2796,1408,1,18,883,1
1132,366,1,11,575,0
4089,1477,1,14,2028,1
1581,445,1,30,1895,1
2153,97,1,42,2133,1
1697,1649,1,36,556,0
4142,757,1,78,2324,1
3861,871,1,28,326,1
3450,1452,1,25,1869,1
3776,146,1,1,34,1
2336,1319,1,83,169,1
2924,1460,0,14,1147,1
4978,753,0,3,909,1
3962,1880,1,85,1199,1
605,1852,1,49,712,0
738,1717,1,37,10,0
1375,657,1,22,1932,1
4502,705,1,58,2377,1
708,1002,1,89,1434,1
405,53,1,74,391,1
4181,1330,1,27,1751,1
4370,885,1,65,1836,1
2512,1218,1,7,1283,1
1829,1164,1,28,1558,1
727,559,1,10,1588,0
2792,408,1,17,907,1
4956,896,1,54,726,1
3587,869,1,49,2364,1
153,606,0,13,400,0
4990,1835,1,73,1709,1
3150,345,1,98,2355,1
4501,1785,1,8,242,1
2948,1973,1,98,1936,1
3646,708,1,10,2328,1
3232,322,1,62,1329,1
1177,622,1,75,715,1
2626,1391,1,66,243,1
1072,1850,1,52,1401,0
2166,386,1,38,1265,1
2992,237,1,77,1906,1
3304,1805,1,55,899,1
4739,1372,1,27,601,1
1166,1577,1,74,755,1
742,821,1,38,1729,1
4340,557,0,24,437,1
4856,1557,1,20,741,1
963,860,1,9,809,0
2549,1817,1,42,211,1
3334,823,1,14,2203,1
3311,1599,1,82,845,1
1552,1963,1,47,144,0
1201,187,1,85,1297,1
3003,1069,0,20,2121,1
2691,1579,1,59,50,1
1227,401,1,95,922,1
1550,1732,1,49,1739,1
3246,783,1,22,984,1
2396,1522,1,12,1143,1
3729,1687,0,68,1469,1
1398,911,1,3,2050,1
1866,1361,1,91,253,1
1375,131,1,77,175,1
509,1586,1,71,1059,0
1690,1585,1,8,1507,0
520,5,1,34,737,0
4322,1196,1,20,1125,1
1334,1648,1,57,492,0
1165,23,1,17,1240,1
1837,1360,1,96,2158,1
3151,588,1,71,889,1
3496,460,1,80,839,1
1820,961,1,42,2034,1
2933,1137,0,94,768,1
2224,1296,1,97,172,1
4196,449,1,5,1206,1
723,1268,1,85,1317,1
3612,1957,1,77,2005,1
4144,1329,0,66,1944,1
3532,606,1,11,1566,1
4278,107,1,99,316,1
4758,992,1,11,1372,1
4859,1278,1,65,2112,1
1253,1481,1,1,342,0
3719,524,1,14,2184,1
1091,1181,1,22,252,0
465,863,1,28,1894,0
4934,178,1,80,1442,2
904,1371,1,95,312,1
1394,1698,1,6,244,0
1968,1009,1,93,2196,1
3082,435,1,27,204,1
2006,731,1,13,1560,1
4295,1717,1,43,1802,1
514,1715,1,29,656,0
1224,1880,1,80,2058,1
1541,854,1,31,570,0
3450,1686,1,69,1129,1
833,1990,1,87,722,1
938,1352,1,5,422,0
143,994,1,26,547,0
2115,1701,1,81,1888,1
3637,643,1,87,244,1
4790,424,1,23,1789,1
1862,598,1,33,1903,1
4920,489,1,39,1514,1
4185,1687,1,46,1872,1
2943,1779,1,78,1384,1
3294,416,1,74,425,1
4308,940,1,85,1919,1
2821,1112,1,23,925,1
1260,1141,1,64,90,0
3522,1765,1,17,2093,1
1266,336,1,43,1100,1
3386,1406,0,75,1700,1
3496,1783,1,56,766,1
3594,659,0,27,477,1
1406,45,1,70,1175,1
3647,1963,1,22,1504,1
3340,1798,1,84,1654,1
2713,963,1,33,1029,1
480,1825,1,10,1624,0
1363,109,1,85,911,1
2793,206,1,34,682,1
2841,454,1,92,448,1
367,1847,1,41,136,0
3029,1871,1,27,2262,1
677,1294,1,81,2086,1
4478,914,1,77,454,1
1155,214,0,81,975,1
4195,567,1,91,473,1
3729,1146,1,23,2208,1
2755,717,1,7,2297,1
549,1405,1,52,2323,1
2789,1579,1,71,922,1
4974,1568,1,3,506,1
4146,775,1,90,1473,1
4845,1112,1,99,1781,2
3785,458,1,4,167,1
2518,671,1,96,181,1
2789,633,1,48,503,1
934,1542,1,97,979,1
2966,1633,1,29,1344,1
1591,1706,1,71,1436,1
3334,391,1,62,1702,1
4495,1940,1,46,1803,1
265,1378,0,25,668,0
4814,300,1,56,675,1
1848,262,1,36,376,1
1954,1109,0,97,559,1
19,1965,1,6,652,0
2881,272,1,39,1903,1
807,423,1,91,264,1
4982,239,1,38,217,1
1025,1861,0,61,104,0
1834,1339,1,91,1893,1
4479,1841,1,77,487,1
3146,990,1,52,771,1
2203,1385,1,3,199,0
233,1241,1,81,1517,1
4958,578,1,24,1766,1
4168,53,1,6,1569,1
3935,1155,0,27,765,1
4794,227,0,68,1456,1
4010,925,1,66,845,1
1643,1307,1,94,1673,1
2162,1436,0,19,1638,1
520,1533,1,82,1845,1
394,1322,0,10,142,0
414,1824,1,66,64,0
4623,281,1,86,519,1
4581,1466,0,6,679,1
2010,1135,1,22,1699,1
2766,1686,1,60,1326,1
1678,424,1,70,743,1
1470,615,1,33,1703,1
3646,1457,1,18,268,1
2734,379,1,57,1155,1
4819,77,1,8,308,1
4188,1977,1,47,570,1
2058,1662,1,81,1922,1
4156,1058,1,40,1874,1
4790,1216,0,47,306,1
726,1392,1,44,1471,0
4554,1894,1,24,2184,1
4986,1828,1,77,206,1
4593,1479,1,24,2278,1
1833,199,1,18,1004,1
2091,1184,1,38,2148,1
3429,1200,1,78,17,1
1584,851,0,79,329,1
259,1069,1,26,1427,0
683,1091,1,73,2326,1
4543,27,1,62,1708,1
2175,364,0,67,2118,1
780,1103,1,18,1471,0
3972,564,1,27,1297,1
4373,676,0,84,1128,1
1994,1853,1,77,562,1
1087,1146,1,32,670,0
245,1640,1,9,725,0
398,1408,1,82,2251,1
3047,1957,1,29,1468,1
4868,1948,1,21,864,1
1858,683,1,2,2269,1
4729,1318,1,81,674,1
2824,444,1,74,1907,1
3384,1696,1,47,1684,1
3288,937,1,1,2278,1
1262,11,1,75,282,1
3991,1224,1,53,1187,1
4683,425,1,5,1282,1
2132,1596,1,39,288,1
4540,837,0,92,825,1
2160,1221,0,93,285,1
4869,563,1,1,1014,1
1339,1176,1,72,932,1
1368,1815,1,1,651,0
2492,1697,1,92,514,1
4552,1230,1,96,781,1
2027,1472,1,73,1274,1
1341,918,1,97,1269,1
4354,1447,1,54,1023,1
4271,1455,1,71,137,1
1368,1011,1,59,1233,1
4647,1507,1,96,1535,1
4864,1503,1,5,1683,1
3187,130,1,18,501,1
2138,399,1,95,1267,1
2190,821,1,26,1676,1
4902,885,1,0,425,1
147,1834,1,32,2205,0
3482,580,1,39,979,1
2842,329,1,31,2086,1
3589,1420,1,68,1394,1
3041,934,1,16,317,1
4174,1716,0,7,2219,1
2603,1656,1,56,70,1
4310,1468,1,41,2182,1
3828,1232,1,97,1489,1
4148,1514,1,8,1940,1
3833,837,1,86,2300,1
4052,1059,1,34,1523,1
1916,1416,1,70,482,1
770,1653,1,78,968,1
3455,1905,1,52,542,1
909,1462,1,53,503,0
4465,841,1,83,91,1
2957,930,1,24,888,1
1729,1404,1,66,1555,1
290,1372,1,61,21,0
3276,447,1,54,1296,1
1897,1607,1,45,458,1
3276,79,1,23,771,1
676,561,1,97,35,1
4198,1800,1,45,1816,1
681,1694,1,21,1578,0
1979,1183,1,10,71,0
4166,1458,1,47,238,1
3132,367,0,7,1848,1
4709,452,1,38,616,1
4787,1262,0,34,1068,1
3910,1591,1,48,1738,1
533,1846,1,45,1489,0
2403,266,1,37,1535,1
3127,1855,1,7,770,1
2603,129,1,53,604,1
1978,915,1,36,1602,1
1763,249,1,90,1065,1
2306,546,1,91,1864,1
2271,1966,1,39,2058,1
2296,489,1,33,1468,1
4212,126,1,95,1871,2
2888,129,1,78,1169,1
4153,1577,1,16,1229,1
3654,174,1,32,142,1
4442,128,1,46,95,1
2065,1897,1,51,1509,1
4730,1063,1,79,1840,2
1286,1115,1,92,1213,1
2776,650,1,8,184,1
312,1736,1,32,1985,0
648,790,1,59,587,0
65,205,1,92,1808,1
4831,373,1,76,2106,2
535,801,1,20,154,0
4579,81,1,57,771,1
4133,63,1,84,1387,1
2135,435,1,68,1835,1
3297,642,0,9,938,1
374,1528,1,5,803,0
4631,1941,1,12,1611,1
4988,113,1,64,1670,2
1656,1764,0,19,328,0
928,1012,1,56,1120,1
2807,1306,1,45,1586,1
1541,72,1,7,707,0
3355,1097,1,9,856,1
1916,1193,1,72,1811,1
3096,1517,1,66,792,1
4590,309,0,10,2099,1
2085,1937,0,11,1126,0
723,678,1,9,1760,0
1072,369,0,24,1659,1
1986,1882,1,48,301,0
1306,825,1,48,978,1
135,1407,1,88,1497,1
4642,347,1,10,1852,1
3606,951,1,61,106,1
3293,903,1,35,1128,1
1613,1582,1,38,83,0
76,1382,0,52,1369,0
242,1444,1,89,1101,1
2166,1137,1,77,767,1
1179,1591,1,55,1951,1
2168,766,1,0,217,0
4216,1525,0,55,1254,1
1503,345,0,3,1295,0
4728,946,1,29,419,1
4017,387,1,11,2388,1
2482,1008,1,34,780,1
2670,1561,1,76,1853,1
2749,304,1,51,83,1
1771,143,1,30,1670,1
3524,363,1,86,263,1
1985,840,1,67,829,1
2372,1527,1,51,995,1
886,1413,1,79,341,0
3822,1632,1,6,1431,1
3458,1987,1,21,845,1
1322,1308,1,92,1701,1
1470,1665,1,74,464,1
2719,487,1,55,1939,1
2334,913,0,96,1148,1
1743,1139,1,57,322,1
1615,870,1,92,1027,1
2573,143,1,63,237,1
3431,1000,1,11,867,1
3527,439,1,6,1278,1
2407,513,0,54,1027,1
3745,277,1,61,959,1
2880,1127,1,89,436,1
1170,1792,1,72,2099,1
4864,1878,1,97,474,1
252,108,1,76,1655,1
2600,1242,1,54,287,1
1073,1789,0,35,28,0
4334,1692,1,88,75,1
2605,766,1,23,176,1
929,791,1,43,1618,1
15,169,1,16,412,0
477,1003,1,1,418,0
4180,1881,1,12,2169,1
13,524,1,30,606,0
655,1312,1,92,1072,1
127,521,0,27,2162,0
2938,661,1,59,333,1
2561,617,1,26,1992,1
4299,168,1,14,1447,1
856,1914,0,94,438,1
2772,1687,1,78,1094,1
1151,68,1,32,1645,1
1820,1119,1,19,1387,1
733,1145,1,41,402,0
234,1894,1,11,2261,0
4637,271,0,72,2315,2
4218,1850,1,22,1550,1
4664,1713,1,71,455,1
2058,1587,1,95,1213,1
4759,1168,1,13,1033,1
4425,250,1,90,351,1
1583,1689,0,24,142,0
1838,1786,1,76,1869,1
1927,399,0,84,2310,1
4244,1515,1,30,274,1
2036,480,1,53,102,1
3754,1545,1,4,1695,1
911,981,1,12,1444,0
4795,1212,1,27,2195,1
2049,1048,1,42,1241,1
19,1965,1,88,1011,0
270,562,1,98,1670,1
1683,1022,1,46,1606,1
2229,1552,1,70,2364,1
2070,1610,1,37,275,0
3723,1557,1,95,655,1
1629,887,1,66,2375,1
330,151,1,61,1146,1
1352,670,1,38,1411,1
2386,1332,1,36,463,1
2842,624,1,85,2248,1
2834,1776,1,7,1924,1
2004,824,1,80,1473,1
2968,868,1,51,1220,1
2048,586,1,90,840,1
3500,1027,1,32,1400,1
3687,699,1,80,1122,1
1128,1790,1,41,2244,1
1614,1256,1,75,1979,1
4037,1130,1,26,2189,1
245,1615,0,7,881,0
1979,1445,1,22,644,0
4439,1986,1,63,1409,1
1918,1244,1,92,700,1
385,411,1,19,1875,0
3540,403,1,15,1067,1
2645,1951,1,16,1965,1
1580,719,1,79,591,1
2570,708,1,18,2228,1
3401,765,1,7,1399,1
2975,503,1,37,793,1
3653,1782,1,37,190,1
3860,1493,0,52,28,1
882,1719,0,92,1259,1
1262,1977,1,99,1626,1
1324,978,1,89,2232,1
4830,1759,1,30,1255,1
2908,86,1,43,1648,1
87,608,1,59,63,0
2631,1975,1,75,1436,1
4237,1715,0,16,452,1
610,1779,1,78,589,0
1075,776,1,72,291,1
2146,907,1,38,832,1
2459,369,1,41,1679,1
2353,167,1,47,650,1
1873,1076,1,11,1041,0
1328,515,1,95,2026,1
4721,1357,1,88,572,1
3607,1868,1,17,350,1
3772,120,1,78,481,1
4680,945,1,95,1720,2
2200,1877,1,5,2306,1
1002,341,1,42,244,0
2722,885,1,34,1116,1
2202,741,1,97,1126,1
1258,1892,1,53,1918,1
3064,844,1,61,1427,1
4608,151,0,68,833,1
4043,1603,1,81,1301,1
2007,1834,0,15,641,0
4926,1351,1,7,538,1
3697,447,1,88,1990,1
2161,841,1,95,2179,1
4028,1041,1,89,2067,1
3120,947,1,85,1349,1
1980,1522,1,30,1306,1
207,1729,1,9,1339,0
2636,291,1,55,1243,1
1212,724,1,75,1991,1
2045,1142,1,91,1763,1
487,484,1,69,1958,1
1264,26,1,19,2137,1
932,1377,1,4,911,0
429,1754,1,22,900,0
2214,687,0,8,1580,1
2607,1863,1,57,1834,1
1130,1594,1,58,2075,1
3078,910,1,92,1198,1
960,1838,1,79,1558,1
2346,324,1,53,211,1
2253,130,1,45,750,1
2655,281,1,21,1379,1
1867,1232,1,63,1399,1
4622,198,1,7,2010,1
1875,1709,1,19,1481,1
2922,1692,1,50,1546,1
2863,1575,1,77,328,1
4920,700,1,38,2274,1
3238,1314,1,36,1067,1
3729,61,1,49,1904,1
3238,1762,0,33,2323,1
2381,1331,1,74,733,1
2901,1191,1,32,1710,1
3766,23,1,30,422,1
4235,1398,1,53,1285,1
104,268,1,43,410,0
2684,798,1,33,1849,1
1965,117,1,70,733,1
803,1516,1,61,2339,1
1844,1355,1,22,1145,1
2126,546,1,45,760,1
4116,651,1,55,277,1
3335,583,1,6,2355,1
2929,1093,1,88,1350,1
2607,1320,1,60,579,1
3215,29,1,2,1983,1
4817,1577,0,37,555,1
824,5,1,83,374,1
355,915,1,33,556,0
2359,1577,1,43,280,1
372,145,1,29,748,0
2453,1772,1,16,1267,1
2275,652,1,58,68,1
2198,1929,1,9,1284,0
3015,192,0,98,1880,1
3291,1156,1,83,95,1
994,205,1,17,772,0
1649,1155,1,44,399,0
837,261,1,90,1213,1
2740,1704,1,58,728,1
3541,551,1,61,158,1
4461,198,1,58,592,1
2945,707,1,48,130,1
3886,1132,0,99,2313,2
136,1563,1,62,775,0
3187,1293,1,86,809,1
3066,806,1,31,2116,1
613,946,1,9,1031,0
3459,1412,0,10,1479,1
4156,1288,1,69,1119,1
3543,418,1,61,1260,1
3377,1386,1,46,1659,1
3378,1103,1,33,1825,1
3807,1383,1,99,1355,1
1802,1612,1,16,1351,0
2871,1799,1,53,1742,1
3486,914,1,75,908,1
3427,192,1,84,2350,1
1655,1713,1,39,494,0
1215,1318,1,18,812,0
3040,49,0,66,1725,1
2882,1601,1,81,1925,1
3082,87,1,52,1767,1
1864,1151,1,63,1819,1
4031,362,1,82,2301,2
4672,1556,1,46,1453,1
2718,1094,1,5,1962,1
3512,940,1,15,2330,1
1342,1685,1,71,1680,1
211,379,0,17,1858,0
3517,166,1,51,529,1
4222,1774,0,47,1161,1
584,1408,1,42,1406,0
546,1684,1,38,2216,0
1635,1386,1,48,661,1
2132,1216,1,11,2233,1
395,326,1,9,1960,0
3291,454,1,70,220,1
484,1502,0,54,595,0
427,1041,1,0,176,0
3610,188,1,48,1266,1
964,115,1,35,1215,1
4981,1955,1,20,1748,1
4868,512,1,36,1062,1
1215,1318,0,23,723,0
4769,299,1,54,697,1
4130,1479,1,24,339,1
2000,908,1,6,1756,1
4815,1243,1,80,1217,1
3582,978,1,92,2152,1
4390,636,1,93,794,1
4168,1922,1,70,950,1
4767,1595,1,96,1298,1
2723,1055,1,70,1689,1
2213,1658,1,23,635,0
3130,737,1,10,148,1
976,1259,1,72,771,1
4954,1593,1,11,1843,1
3442,1835,1,34,2312,1
698,325,1,62,1565,1
4253,917,1,67,685,1
3711,1261,1,99,101,1
351,1698,1,91,1102,1
1734,441,0,56,46,1
4432,785,1,12,1797,1
1802,1561,1,22,2197,1
1769,1431,1,82,1211,1
3222,1081,1,38,1846,1
999,1815,1,87,1904,1
2272,1341,0,79,146,1
2492,1309,1,96,2247,1
961,730,1,11,1673,0
732,35,1,33,2399,1
3399,341,1,70,1592,1
2089,187,1,74,981,1
2727,1051,0,30,671,1
2342,548,1,92,2300,1
3386,1474,1,61,1820,1
4534,1102,1,12,424,1
1510,1038,1,30,352,0
295,1512,1,1,155,0
3505,1484,1,14,332,1
2075,1594,1,56,2179,1
778,1592,0,74,1285,1
3067,664,0,33,1888,1
4299,164,1,67,2368,2
2171,1910,1,74,610,1
3303,1042,1,28,484,1
956,1206,1,65,1525,1
4936,416,1,15,584,1
3345,1906,0,38,356,1
4160,1016,0,76,1520,1
4905,57,0,36,391,1
4883,412,1,80,1313,2
1491,851,1,20,81,0
1911,1050,1,43,1127,1
3461,1058,0,18,1406,1
4074,707,1,70,2396,1
64,264,1,7,1369,0
1833,1233,1,76,673,1
3472,1087,0,65,1525,1
3089,1499,1,40,1901,1
842,780,1,74,49,0
4418,1494,1,87,1392,1
2816,1040,1,69,2040,1
2500,1659,1,60,1287,1
337,1955,1,25,975,0
3320,1318,1,70,1910,1
3310,854,1,82,2227,1
3685,1788,1,69,710,1
3064,358,1,28,520,1
2153,1667,1,65,1293,1
1321,1103,1,18,593,0
3201,877,0,67,993,1
2548,1744,0,57,468,1
3993,1589,1,69,1915,1
4557,1619,1,56,2398,1
174,1469,1,36,2114,0
4287,995,1,60,2275,1
832,1269,1,91,825,1
953,1022,0,29,256,0
4435,1889,1,70,739,1
784,1182,1,72,426,0
2208,1814,0,24,1064,1
3166,1124,1,96,377,1
4252,1754,1,64,117,1
3705,298,1,5,848,1
3462,213,1,17,427,1
924,1371,1,9,1653,0
1318,1116,1,91,830,1
4187,822,0,10,1431,1
523,1804,1,96,692,1
1930,1965,1,64,265,1
3604,394,1,76,847,1
4851,329,1,83,2292,2
1419,944,1,64,562,1
4812,893,1,51,190,1
4576,1860,0,66,166,1
3200,1185,1,81,1487,1
4501,672,1,77,580,1
1565,1679,1,30,866,0
814,637,1,90,1794,1
1289,581,1,16,1737,1
3587,1647,1,54,1057,1
2911,1687,1,92,1506,1
1397,141,1,35,1433,1
4698,1951,1,25,601,1
2771,1702,1,52,2191,1
2689,432,1,16,430,1
2116,1480,1,85,2270,1
4233,616,1,24,357,1
4841,1878,1,1,175,1
2778,915,1,85,946,1
3963,823,1,4,357,1
3196,145,1,3,407,1
3290,1111,1,35,592,1
2583,181,1,5,1610,1
4626,202,1,20,317,1
2609,628,0,76,108,1
4043,1596,1,88,1275,1
246,695,1,25,167,0
1314,1449,1,54,563,0
3440,405,1,38,660,1
1311,1726,1,83,2284,1
2551,475,1,32,2300,1
2061,222,1,13,1078,1
451,1953,1,55,1505,0
2086,933,1,99,1888,1
3190,1856,1,80,743,1
2667,1757,1,20,1960,1
3808,636,1,45,101,1
814,955,1,15,2229,0
84,910,1,15,1637,0
2185,179,1,83,1225,1
3934,27,1,28,1110,1
2099,1753,1,91,1314,1
50,1945,1,7,1397,0
2091,239,1,87,188,1
4693,1041,1,2,2295,1
1632,1129,1,88,289,1
351,933,1,18,1052,0
4062,1564,1,96,1628,1
2084,1904,1,65,380,1
655,527,1,78,1810,1
4836,1813,1,85,1713,1
4273,1480,1,73,2278,1
619,435,1,81,313,1
464,797,1,21,1358,0
2963,1634,1,45,1470,1
1718,1741,0,90,1203,1
3482,537,1,12,2071,1
2979,1880,1,32,678,1
3038,983,1,4,509,1
4807,1751,1,89,1424,1
2691,1680,1,76,1582,1
3639,1321,1,26,539,1
4235,814,1,77,2016,1
3077,917,1,23,1229,1
1396,1129,1,66,764,1
3786,1530,1,62,2357,1
2876,1332,1,93,824,1
4798,875,1,98,736,1
3373,544,1,47,740,1
4899,1028,1,62,837,1
4134,1581,1,77,1341,1
158,1383,1,11,2056,0
3860,1331,0,27,884,1
2068,1524,1,43,2188,1
1146,1686,1,92,2013,1
196,1796,1,42,1687,0
2864,231,0,16,617,1
1260,1264,1,39,2083,1
1343,877,1,48,1487,1
4203,896,1,84,644,1
4160,1483,1,56,1219,1
2721,1041,0,86,493,1
4863,214,1,83,1084,2
4511,745,1,63,1924,1
1795,401,1,74,2062,1
760,1128,1,56,598,0
1772,35,1,97,2265,1
3930,902,1,73,2314,1
4470,1556,0,73,1238,1
491,653,1,69,1983,1
163,333,1,99,2068,1
1534,1194,1,87,958,1
2130,1487,1,75,2065,1
2353,1850,1,42,2089,1
1250,956,1,22,2017,1
70,1128,1,26,1751,0
948,625,1,57,396,0
1649,1883,1,36,1261,1
4130,1201,1,5,1800,1
4236,1777,1,64,1508,1
3579,166,1,5,216,1
1262,1933,1,49,1828,1
4213,1756,1,21,1790,1
181,780,1,87,802,1
1468,1291,1,24,2291,1
3559,1832,1,78,1734,1
4207,278,1,89,1015,1
2332,1031,0,71,951,1
1646,1056,0,50,1175,1
3125,330,1,87,2233,1
4100,944,1,47,1687,1
3014,1177,1,69,458,1
339,544,1,98,601,1
3650,492,1,64,91,1
3904,826,1,59,2192,1
4117,1466,0,45,1416,1
1351,1093,1,35,1490,1
3673,360,1,57,1089,1
225,1561,1,75,428,0
348,1280,1,37,97,0
4072,239,0,10,224,1
2718,231,1,11,1768,1
3162,1553,1,41,1530,1
1760,1341,1,38,1727,1
2431,53,1,70,2302,1
719,122,1,10,1511,0
3736,58,1,35,318,1
3652,1678,1,51,240,1
4003,569,1,30,164,1
498,1072,1,32,1208,0
56,1843,1,12,124,0
3369,57,1,17,1423,1
4883,1614,0,40,320,1
4816,562,1,57,1002,1
410,1553,1,55,2357,1
4000,1705,1,23,1051,1
3167,1130,1,72,21,1
4355,1820,1,30,1437,1
400,1798,1,54,2289,1
3863,1877,1,9,2023,1
4440,872,1,59,739,1
638,402,1,1,1311,0
4242,1166,1,14,1386,1
2940,679,1,2,2046,1
1531,1949,1,42,2360,1
836,391,1,30,550,0
4832,115,1,69,86,1
1510,618,1,66,33,1
3304,21,1,55,1048,1
2429,1808,1,62,685,1
944,1210,1,74,181,0
3052,888,1,14,1902,1
4507,1564,1,91,498,1
1476,545,1,9,1495,1
3571,175,1,37,766,1
624,413,1,46,164,0
1192,744,1,56,266,0
3233,1406,1,49,1789,1
2677,1216,1,70,683,1
140,862,1,14,2125,0
2993,234,1,17,682,1
4288,1861,1,81,1482,1
4469,1880,1,87,268,1
48,123,1,1,316,0
3969,1184,1,83,1128,1
3597,788,1,97,255,1
930,1715,1,42,1668,0
2779,469,1,25,196,1
4121,108,1,70,1807,1
502,1632,1,37,934,0
1141,702,1,93,794,1
3531,1823,1,41,1605,1
320,1530,1,4,1370,0
748,1721,1,10,350,0
3251,1710,1,64,572,1
555,1727,1,33,660,0
2471,179,1,0,1203,1
4356,1762,1,82,78,1
4864,749,1,1,1593,1
1814,1702,1,84,2114,1
3222,1449,0,19,1310,1
3820,1162,1,60,1132,1
823,1419,1,86,925,1
4134,1764,1,20,2382,1
2042,1529,1,87,470,1
4582,669,1,67,2236,2
4423,37,1,11,853,1
254,59,1,21,583,0
4853,1982,1,19,128,1
4802,523,1,81,655,1
281,760,1,0,1488,0
3521,1853,1,29,2083,1
1781,1666,1,96,1523,1
1272,16,1,23,2041,1
2434,1556,1,13,1041,1
4371,724,1,35,978,1
930,559,1,68,2020,1
3440,377,1,74,1549,1
4445,488,1,23,2206,1
4494,977,1,59,1521,1
2634,1675,1,94,1058,1
3770,1256,1,54,664,1
2060,627,1,76,1964,1
3510,311,1,79,564,1
1175,461,1,23,434,0
385,164,1,76,302,0
2043,335,1,23,1218,1
155,780,1,53,440,0
4398,229,1,25,326,1
441,987,1,65,407,0
714,733,1,79,1357,1
2642,1532,1,37,1598,1
4504,1484,1,64,605,1
973,1073,1,74,2133,1
2244,1242,1,50,1953,1
2051,1087,1,34,925,1
1838,648,1,42,1265,1
2118,620,1,28,985,1
4078,199,1,36,1085,1
948,1953,0,80,1254,1
4815,493,1,57,1461,1
816,161,1,53,1176,1
1473,614,1,38,2038,1
3425,1254,1,41,372,1
20,416,1,27,2328,0
1878,1233,1,28,2355,1
4877,1107,1,42,243,1
894,1152,1,2,1741,0
3574,475,1,9,36,1
1399,1968,1,58,1504,1
3411,1246,1,13,102,1
4331,520,1,75,318,1
834,1630,1,46,61,0
2275,1132,1,41,328,1
946,397,1,93,2002,1
2810,635,1,31,190,1
2563,1673,1,31,1602,1
3855,1852,1,41,656,1
1806,612,1,31,1971,1
63,984,1,25,1293,0
736,438,1,0,2254,0
2746,1359,1,55,2312,1
3180,1171,1,1,2034,1
1923,1828,1,80,345,1
1606,544,1,29,1586,1
1924,282,0,70,1535,1
2476,237,1,51,999,1
2747,1557,1,90,1288,1
859,1599,1,8,523,0
2119,1118,1,21,2039,1
12,1520,1,33,251,0
4265,1227,1,48,2206,1
4079,366,1,0,1743,1
4886,1469,1,72,2269,2
902,30,1,83,677,1
2040,1053,1,52,603,1
3170,1422,0,82,2188,1
2386,511,1,99,265,1
4685,1329,1,39,1512,1
1943,1367,1,44,570,1
1390,271,1,67,2120,1
3691,465,1,8,1344,1
1300,1721,1,21,416,0
1650,460,1,17,1870,1
2692,1388,1,75,2072,1
997,1096,1,42,1720,1
1228,1011,1,38,268,0
1365,867,1,72,732,1
4275,1440,1,5,1292,1
4626,1999,1,82,623,1
4145,495,0,47,1704,1
1570,1861,1,6,1988,0
1428,1077,1,79,822,1
964,1715,1,68,1796,1
993,568,1,15,340,0
984,1130,1,0,2222,0
4143,220,1,36,1226,1
3982,1466,1,82,1554,1
923,1728,1,36,1407,0
4559,1597,1,80,396,1
46,563,1,63,1528,0
3397,163,1,89,1827,1
1721,493,1,85,1827,1
3030,690,1,61,1824,1
805,1270,1,71,2385,1
4046,798,1,60,1525,1
4698,1781,1,32,1250,1
3121,1910,1,65,329,1
1334,9,1,29,408,0
327,1624,1,19,1924,0
2406,1848,0,59,114,1
2172,365,1,81,705,1
2755,463,1,73,339,1
1601,252,1,23,669,1
3121,1594,0,3,830,1
3940,1701,1,36,1982,1
2006,950,1,3,1803,1
1322,426,1,76,2371,1
1295,1951,1,88,471,1
4321,1766,1,76,1617,1
2393,19,0,17,1685,1
3249,740,1,87,2084,1
2149,1601,1,65,280,1
1714,1150,1,47,394,1
372,281,1,32,69,0
2614,1586,1,57,1140,1
1726,457,1,82,229,1
4461,1418,1,72,1474,1
4296,1322,1,27,1916,1
3748,1602,1,34,1605,1
2479,602,1,9,105,0
4805,450,0,64,998,1
566,214,1,41,1122,0
835,1618,1,84,1955,1
2818,718,0,8,2288,1
4531,306,1,59,977,1
2729,1937,0,14,2332,1
3518,1251,1,98,255,1
3751,1762,1,56,2168,1
1584,7,1,68,243,1
4008,994,1,21,1161,1
2139,1546,1,63,1270,1
2413,1121,1,40,812,1
3339,524,1,86,1427,1
598,1456,1,70,664,0
2022,497,0,55,120,1
1557,1263,1,22,99,0
304,624,1,24,772,0
1995,1189,1,90,1313,1
3127,1749,1,5,1366,1
1700,1780,1,33,2189,1
1146,335,1,62,1046,1
2074,337,1,8,1474,1
4465,54,1,59,107,1
4805,1551,1,48,1153,1
4553,867,1,96,302,1
4780,1696,0,50,1849,1
1017,1520,1,59,1744,1
2524,1610,1,69,1034,1
3536,1709,0,36,2307,1
4691,276,1,30,661,1
1257,584,1,97,2206,1
3912,1895,1,40,2101,1
1445,1280,1,61,1916,1
581,564,1,92,1731,1
2392,700,0,57,1077,1
1255,1860,1,13,2219,0
2094,1727,1,35,1826,1
287,1118,1,35,262,0
1897,450,0,78,141,1
4589,1021,1,7,1917,1
1275,1360,1,25,1920,1
4836,1167,1,35,1689,1
1050,361,1,47,1142,1
927,1629,1,84,1068,1
895,278,1,27,1935,1
2762,1047,1,67,2332,1
31,315,1,61,196,0
4579,874,1,79,958,1
3201,890,1,85,2300,1
2363,158,1,75,273,1
4809,1418,0,79,2007,2
696,1288,1,50,531,0
294,624,1,41,1574,0
4821,887,1,28,792,1
3757,801,1,81,544,1
772,1599,1,9,219,0
2438,129,1,38,2103,1
2517,1382,1,81,1573,1
38,1301,1,0,35,0
916,623,0,38,184,0
3114,1839,1,20,1549,1
4009,249,1,64,1344,1
3004,852,1,14,331,1
2516,454,1,3,1612,1
4675,934,0,59,1168,1
3619,1275,1,60,64,1
3563,524,1,19,1576,1
1463,1169,1,9,1619,0
4843,366,1,86,1882,2
3366,12,1,33,2204,1
525,482,0,47,1518,1
48,1380,1,32,2077,0
3352,499,1,97,342,1
896,1634,1,60,1588,1
2854,837,1,9,916,1
2214,1455,1,53,920,1
1108,1067,1,83,410,1
1833,597,1,64,959,1
3211,191,1,76,1339,1
3165,1624,1,0,2085,1
3103,1628,1,4,1920,1
3540,758,1,79,110,1
3788,1882,1,14,560,1
2906,97,1,27,1715,1
3463,90,1,94,2353,2
3521,1072,1,22,362,1
998,141,1,16,1028,0
4126,425,1,97,1189,1
4974,78,1,12,1107,1
4036,1576,1,13,989,1
4189,1641,1,10,1365,1
1692,1540,1,27,748,0
4675,1184,1,41,986,1
3973,1966,0,95,1381,1
943,1283,1,98,2290,1
3608,175,1,60,1811,1
3243,1756,0,63,2159,1
1990,174,1,30,962,1
1865,1792,1,80,490,1
3066,876,1,72,1247,1
802,326,1,9,117,0
801,1595,0,7,982,0
1819,460,1,20,1636,1
2265,948,1,76,713,1
3620,1631,1,58,2392,1
1617,794,1,49,2143,1
994,617,1,68,884,1
3686,1183,1,69,1457,1
3390,893,1,29,2117,1
529,353,1,94,1283,1
600,1479,1,16,569,0
1060,1904,1,74,126,0
3643,1681,1,19,883,1
4454,1201,1,47,977,1
969,14,1,72,1578,1
702,744,1,1,53,0
3909,1293,1,36,518,1
4483,1466,1,0,2021,1
2956,1788,1,3,1198,1
536,1275,1,99,1325,1
3234,671,0,53,858,1
2263,550,1,24,1889,1
3354,1527,1,2,926,1
3975,133,1,8,808,1
1885,1700,1,85,885,1
1773,605,1,86,1770,1
530,609,1,75,2343,1
1026,331,1,73,828,1
126,1781,1,33,2178,0
2443,1863,1,42,954,1
593,984,1,73,916,1
404,408,1,93,22,1
3798,633,1,21,612,1
2778,1634,1,69,209,1
4177,1703,1,1,1801,1
3870,1639,1,93,457,1
283,1653,1,65,1821,0
2023,1387,1,31,850,1
4443,1631,1,15,599,1
1399,1886,1,75,1163,1
3576,722,1,0,2100,1
4712,1045,1,71,529,1
175,278,1,47,1046,0
1577,689,1,49,734,1
738,120,1,12,997,0
2053,865,1,14,812,1
4207,697,0,52,2359,1
3506,1119,1,43,536,1
788,1110,1,7,1675,0
223,328,0,73,1148,1
3772,965,1,45,469,1
1586,118,1,68,941,1
2458,1797,1,18,1996,1
2946,1086,0,37,334,1
3127,158,1,10,588,1
601,1905,1,42,1547,0
2730,1432,0,19,2010,1
723,1656,1,19,2391,0
945,1883,0,20,2341,0
4347,1294,1,81,484,1
11,319,1,56,1087,0
2858,1743,1,49,1491,1
4054,1069,1,73,1612,1
1959,109,1,97,1453,1
927,1929,1,25,641,0
3184,1918,1,29,712,1
2251,1221,1,72,991,1
99,1429,1,30,1337,0
1719,1306,1,41,1968,1
2179,358,1,67,568,1
4248,1020,1,60,231,1
3051,1777,1,60,1566,1
115,1965,1,69,2215,1
896,737,1,77,357,1
437,1608,1,67,1192,0
1905,713,1,89,898,1
326,1284,1,16,931,0
644,655,1,18,1268,0
1935,828,1,50,414,1
2066,951,1,69,1290,1
3154,665,1,62,686,1
2280,103,1,92,598,1
1449,592,0,74,1630,1
562,286,1,79,1604,1
725,1911,1,29,575,0
3921,407,1,24,713,1
1723,1137,1,74,867,1
3399,704,1,70,1294,1
1117,203,1,25,594,0
4216,1331,1,55,241,1
260,331,1,21,2327,0
2440,158,1,88,1255,1
2064,556,1,18,61,0
468,1673,1,30,2173,0
217,409,1,25,547,0
909,466,1,41,550,0
3471,136,1,40,1052,1
3395,795,1,99,824,1
31,878,1,22,1425,0
419,88,1,46,1662,1
904,1427,1,12,428,0
524,758,1,88,2366,1
4914,632,1,65,873,1
4979,1137,1,65,195,1
4119,225,1,15,270,1
2144,1932,1,72,1561,1
3605,557,1,27,1306,1
2966,1396,1,76,2217,1
1570,1175,1,34,771,0
1276,116,0,40,233,0
2179,619,1,76,1289,1
3648,1586,1,30,189,1
759,928,1,84,2077,1
3437,1522,1,31,1657,1
4790,1533,1,53,641,1
1937,479,1,97,1546,1
3814,840,1,71,2115,1
3712,1918,1,58,1973,1
2366,275,1,40,624,1
4800,425,1,65,571,1
2345,1925,1,95,631,1
316,711,1,53,2145,1
3675,1395,1,39,1023,1
1999,1308,1,27,2071,1
671,1311,1,36,2190,1
4654,44,1,64,1970,2
321,1987,1,73,1067,0
2930,193,1,54,601,1
1092,1192,1,3,592,0
2981,998,1,98,1623,1
764,1564,1,9,1111,0
4140,540,1,46,298,1
4550,1032,1,74,1578,1
362,1863,1,13,1453,0
912,294,1,37,16,0
3898,1981,1,11,1193,1
168,437,0,44,249,0
1987,475,0,16,1996,1
966,1209,1,79,1456,1
2081,1276,1,34,1759,1
413,632,1,65,2127,1
4621,283,1,74,1913,2
2789,881,1,40,2273,1
1397,585,1,66,1087,1
3463,867,1,28,2387,1
965,258,1,17,857,0
1722,185,1,19,1321,1
4713,1858,1,13,2102,1
1283,685,1,33,2255,1
3821,829,1,48,1249,1
2635,1537,1,53,1514,1
2392,1789,1,30,1342,1
1451,704,0,57,2389,1
2989,570,1,41,705,1
1807,1354,1,57,36,1
4400,1385,1,81,2375,2
4019,1853,1,29,969,1
4860,1678,1,24,1536,1
1404,684,1,62,1878,1
4291,395,1,18,382,1
1279,1643,1,71,1959,1
4742,1962,1,91,254,1
3724,1113,1,7,1850,1
539,1345,0,94,1686,1
3633,216,1,2,134,1
2968,1543,1,66,546,1
2924,388,1,85,1929,1
4899,1719,1,80,1645,1
3601,346,1,99,1435,1
2157,1843,1,16,1550,1
4583,1992,1,13,540,1
3379,848,1,8,263,1
949,1066,1,61,2178,1
535,1539,1,93,670,1
11,424,0,20,1811,0
384,755,1,75,1070,1
2350,1197,1,36,1375,1
4015,1993,1,95,1046,1
3062,1937,1,10,1216,1
4658,1371,1,19,2145,1
2375,1854,1,34,2103,1
1535,310,1,52,1152,1
4486,1570,1,46,1564,1
1656,706,1,74,1765,1
23,873,1,51,1975,0
4609,541,0,7,754,1
2288,1140,1,3,1639,1
3165,1439,1,26,976,1
139,1975,1,43,772,0
3824,210,1,39,803,1
4943,1213,1,46,753,1
3226,1410,1,93,1079,1
2948,500,1,43,1541,1
3938,1407,1,47,567,1
2050,1075,1,90,2004,1
37,1914,1,84,535,0
2123,1768,1,51,849,1
1262,1579,1,83,12,1
4366,1556,1,67,1061,1
2056,508,1,10,1414,1
4565,1050,1,76,166,1
4033,217,1,72,1947,1
4406,314,1,3,1964,1
3384,665,1,75,520,1
3476,1996,1,72,696,1
3091,757,1,76,1147,1
3788,276,1,47,1422,1
639,1599,1,25,1520,0
279,1827,1,76,580,0
2649,942,1,38,724,1
2003,1230,1,91,1348,1
2901,36,0,57,2296,1
4967,447,1,18,2360,1
3442,166,1,87,1000,1
1290,771,1,82,343,1
2370,258,1,76,2170,1
585,525,1,76,1654,1
1317,981,1,57,371,1
3202,1679,1,27,1890,1
3188,1508,1,65,2154,1
2744,14,1,9,1991,1
2222,730,1,85,2073,1
2362,509,1,76,1987,1
3578,789,0,57,385,1
1665,1864,1,72,751,1
1589,1588,1,96,399,1
2213,440,1,13,1250,1
1400,1139,0,83,833,1
1752,157,1,14,2377,1
1935,1663,1,95,2253,1
629,921,1,32,427,0
1284,873,0,16,616,0
966,1130,1,23,577,0
1949,757,1,29,553,1
3963,1861,1,61,2288,1
2391,1219,1,12,893,1
978,1757,1,61,712,0
1326,567,1,46,1233,1
1053,1832,0,15,1632,0
291,1109,1,65,2078,1
2854,493,1,80,1796,1
1068,899,1,95,1629,1
4303,1116,1,42,1467,1
2542,1222,1,7,1593,1
3838,108,1,2,1924,1
1018,1811,0,11,87,0
1239,1124,1,83,1318,1
1045,1451,1,15,657,0
4595,1919,0,77,2197,1
285,1226,0,79,562,0
2750,1029,1,58,1007,1
2299,1011,1,48,291,1
1249,411,0,62,1291,1
135,1406,1,61,1856,0
4075,171,1,48,1393,1
4322,513,1,50,2327,1
3878,1666,1,32,1167,1
1218,317,0,29,113,0
3259,1621,1,58,775,1
928,1446,1,75,2152,1
3933,767,1,14,1606,1
4413,685,1,81,489,1
1979,481,1,91,2070,1
2803,77,1,22,1973,1
901,1169,1,77,2152,1
4480,586,0,93,2350,2
2043,266,1,96,2082,1
1374,1368,1,44,1305,1
138,1336,1,61,1538,0
1024,249,1,78,1199,1
1809,1543,1,70,948,1
4622,1365,1,14,771,1
1528,1603,1,45,663,0
4191,565,1,63,1679,1
1208,1104,1,45,1941,1
3883,1908,1,55,1136,1
2484,179,1,43,1935,1
3495,113,1,74,584,1
4059,187,1,28,2351,1
3729,196,1,94,1339,1
312,69,0,61,1287,1
3962,1877,1,88,1213,1
4693,967,1,51,49,1
996,1502,1,53,529,0
1873,1811,1,87,1649,1
4450,1128,1,56,2293,1
4919,1572,1,82,472,1
3082,868,1,65,1261,1
3134,1156,1,21,1858,1
1337,1480,1,19,492,0
2418,1942,0,32,352,1
3683,373,0,71,1206,1
3301,855,1,24,1472,1
4043,47,1,45,1212,1
713,1912,1,72,1631,1
584,1447,0,97,2190,1
3242,492,1,56,2141,1
4793,82,1,86,1002,2
2642,830,1,4,1199,1
3838,1829,1,54,2350,1
3240,1298,1,60,1613,1
498,678,1,88,1203,1
1357,705,1,7,607,0
3691,763,1,15,654,1
3183,1928,1,47,457,1
4599,732,1,60,773,1
1677,1343,1,14,744,0
1647,929,1,64,1652,1
4124,1879,1,21,2307,1
3563,906,1,2,610,1
1010,893,1,53,2182,1
860,997,1,13,2170,0
1398,1973,1,35,990,0
3722,1196,1,81,1792,1
1377,343,1,81,2207,1
831,197,1,66,589,1
464,1481,1,9,792,0
1634,287,1,48,2378,1
2782,1364,1,64,541,1
3736,394,0,90,1522,1
3157,1004,1,56,621,1
4099,529,1,26,2309,1
4816,1268,1,74,2015,2
2200,1860,1,4,1110,0
926,1986,1,70,1680,1
3996,1511,1,82,1425,1
2885,663,1,56,1445,1
1450,720,1,92,2230,1
4410,1620,1,14,884,1
745,895,1,98,2258,1
3578,1583,0,75,226,1
3348,1486,0,29,385,1
3025,1117,1,19,1619,1
2899,1688,1,36,20,1
971,1123,1,2,1623,0
2999,456,0,72,827,1
3858,432,1,40,1306,1
1036,1179,1,38,700,0
3875,1542,1,25,1609,1
2873,1404,1,1,1542,1
2511,1050,1,22,1165,1
1957,887,1,22,1957,1
1187,317,1,84,793,1
4770,844,1,15,2376,1
21,523,1,8,1982,0
4409,1234,1,12,1886,1
3374,1980,1,27,794,1
3032,379,1,26,406,1
3381,455,1,50,1091,1
2840,1654,1,63,1513,1
52,1812,1,51,2043,0
953,1019,1,80,1624,1
2400,599,1,37,469,1
2555,1207,1,99,2118,1
2421,1238,1,64,555,1
4996,504,0,17,506,1
1014,468,1,62,514,1
30,1868,1,50,1102,0
416,1152,1,8,2218,0
1024,117,1,12,1647,1
4441,1040,1,39,727,1
1848,1154,1,54,1602,1
3198,1593,1,78,1418,1
724,335,1,42,278,0
4156,1929,1,43,1956,1
3864,1311,1,67,1487,1
4429,144,1,32,1551,1
4894,1429,1,23,874,1
150,906,1,35,119,0
4575,1125,1,9,659,1
4892,521,1,99,2108,2
973,573,1,19,1509,0
382,1952,1,74,1120,0
3645,850,1,11,605,1
2551,1097,1,61,988,1
3620,122,1,17,740,1
1702,892,1,93,66,1
115,1087,0,62,2253,1
1691,1061,1,83,1793,1
4107,1346,1,24,1711,1
4026,54,1,11,1296,1
2646,1908,1,20,121,0
2147,1517,1,24,720,1
3426,23,0,10,1211,1
4455,730,1,63,957,1
3540,201,1,72,35,1
1296,1919,1,49,767,0
3189,1478,1,61,1810,1
3664,563,1,88,1565,1
2369,1707,1,98,1851,1
454,456,1,95,2303,1
45,293,1,48,1114,0
1485,1169,1,13,671,0
3967,1112,0,0,918,1
1808,1722,1,80,531,1
1855,395,1,24,1866,1
1418,1619,0,58,1769,1
1718,219,1,71,2321,1
2948,1554,1,68,799,1
1310,219,1,4,1307,0
1253,1431,1,98,1739,1
3986,132,1,18,181,1
3107,1850,1,22,274,1
4626,1505,1,8,1996,1
19,764,1,93,1059,1
2435,408,1,49,1502,1
1670,1057,1,15,1895,1
2641,1820,1,32,485,1
4825,342,1,1,1059,1
1082,835,1,13,43,0
3235,718,1,0,2321,1
4964,365,0,89,1171,2
1326,573,1,57,825,1
4155,1420,1,88,763,1
3693,222,0,15,575,1
3283,1602,1,78,471,1
155,1697,1,89,1664,1
3050,206,1,46,90,1
1472,21,1,43,1947,1
4686,326,1,79,879,1
1594,522,1,13,1440,1
492,1598,0,92,1079,1
3189,1353,1,23,608,1
1259,1440,1,54,1644,1
4778,1346,1,14,816,1
640,685,1,82,1944,1
671,1993,1,71,1086,0
3513,1110,1,33,713,1
2862,1502,1,1,2073,1
2476,1496,1,26,496,1
997,429,1,73,715,1
1556,1973,1,98,1535,1
659,1759,1,86,1174,1
978,1717,1,71,629,0
2647,1232,1,91,786,1
1110,1611,1,22,456,0
450,1023,1,67,2347,1
779,391,1,13,218,0
1353,782,1,62,1508,1
4368,102,1,92,1460,2
3739,1373,1,64,1887,1
3916,1831,1,67,2347,1
1587,212,1,62,1301,1
4018,1542,1,95,2208,1
3361,1664,1,96,1752,1
4805,1820,0,89,1288,1
2359,590,0,80,1410,1
3612,170,1,86,1686,1
1251,26,1,63,864,1
1135,158,1,31,1391,1
2611,1967,0,78,714,1
1200,1467,0,12,835,0
4141,1323,1,65,1014,1
4849,223,1,18,386,1
4458,673,1,23,982,1
82,1523,1,87,127,0
1924,234,1,10,453,0
2482,24,0,58,764,1
3056,557,1,85,649,1
717,954,0,14,2181,0
1814,152,1,9,1310,1
3723,1136,1,40,632,1
2574,407,1,26,1502,1
2485,600,1,59,2018,1
3620,1511,1,72,1661,1
4265,371,1,51,1733,1
2833,1862,1,27,1929,1
1745,1442,1,64,928,1
1595,1337,1,16,1183,0
76,806,1,94,1195,1
3071,922,1,43,129,1
2438,1863,1,9,591,0
4163,1162,1,62,1957,1
351,1747,1,92,2156,1
2784,1311,1,81,1200,1
2827,1806,1,46,1696,1
2671,77,1,37,2009,1
1242,485,1,69,410,1
3884,1380,1,75,1359,1
2411,564,1,52,1666,1
1504,1354,1,77,630,1
4221,749,1,43,256,1
671,1471,0,73,1126,1
3893,104,1,53,633,1
3629,1087,0,19,2378,1
1878,512,1,78,1849,1
2344,262,1,30,2119,1
3384,417,1,6,309,1
1026,1480,1,57,412,0
4416,1093,1,9,1681,1
217,599,0,9,262,0
2675,1182,1,38,1767,1
2503,270,1,27,1402,1
642,825,1,29,1974,0
2112,1107,1,36,169,1
2969,1343,1,66,214,1
3093,666,1,42,1171,1
4762,951,0,78,1401,1
1941,564,1,84,867,1
3729,921,1,51,769,1
2572,895,0,55,1600,1
1689,1276,1,75,2125,1
246,1818,1,67,142,0
4453,872,1,8,1733,1
4735,614,0,91,439,1
1550,418,1,22,2365,1
3953,29,1,62,1207,1
373,288,1,60,106,0
2378,1477,1,39,1716,1
295,885,1,43,1187,0
158,305,1,85,1728,1
4047,1096,1,23,1275,1
4561,1035,1,50,1337,1
1776,821,1,57,1318,1
4905,1165,1,89,1060,1
1022,1192,1,93,1393,1
2841,87,1,32,2259,1
2517,1925,1,15,590,0
1533,1678,1,21,542,0
2795,1448,1,56,1185,1
2566,1101,1,61,1135,1
3735,1265,1,81,908,1
4586,50,1,70,1479,1
1611,622,1,89,1262,1
2418,932,1,71,779,1
350,1828,1,69,843,0
2827,266,1,29,1914,1
2506,180,1,22,2293,1
4940,1194,1,31,2219,1
1735,661,1,85,563,1
1699,846,1,56,1101,1
3277,374,1,8,1206,1
4416,1823,1,30,1670,1
271,58,1,70,568,0
1452,694,1,8,270,0
415,1447,1,12,2274,0
2200,1784,1,57,1850,1
4447,1535,1,2,1157,1
253,1369,1,34,814,0
4595,1155,1,96,1195,1
4117,1437,1,20,2258,1
570,1952,0,63,284,0
4147,371,1,94,215,1
2735,1299,1,51,1733,1
603,648,1,33,876,0
1836,1633,1,95,102,1
3239,383,1,34,1075,1
3297,77,1,14,1361,1
4083,1951,1,95,2122,1
143,1950,1,5,374,0
3148,919,1,84,830,1
3929,1276,1,96,1517,1
82,864,1,31,2039,0
4504,1813,1,51,1934,1
4235,47,0,82,1095,1
2988,381,1,96,1306,1
4371,1069,1,27,2286,1
1995,174,1,94,1053,1
802,1974,1,84,12,0
4269,216,1,97,1763,2
104,1521,1,63,920,0
1143,1708,1,78,316,0
4927,43,1,77,145,1
247,373,1,18,1942,0
2956,761,1,14,2250,1
2540,155,1,5,1618,1
1970,1139,1,72,1448,1
1058,1508,1,83,882,1
2539,1464,1,97,1151,1
2974,1075,1,37,675,1
973,1028,1,25,218,0
546,1603,0,81,961,0
4233,741,0,91,1067,1
3689,1394,1,50,658,1
4197,73,1,72,1351,1
3734,303,1,95,2177,2
552,948,1,52,636,0
855,806,1,55,534,0
3613,300,1,58,1614,1
3046,207,1,69,1878,1
2504,65,1,77,778,1
4495,950,1,91,2104,2
2729,967,1,57,781,1
1894,1858,1,87,749,1
4148,1342,1,12,531,1
4359,1189,1,42,1410,1
3211,335,1,75,2191,1
2720,1556,1,50,257,1
1963,342,1,18,1351,1
4747,1634,0,20,1868,1
3860,1332,1,90,695,1
699,1531,0,82,595,0
1960,1678,1,23,152,0
466,1366,1,25,976,0
2140,1578,1,44,727,1
3986,643,1,27,652,1
4254,279,0,81,379,1
1189,1192,1,99,1119,1
4295,1471,1,28,796,1
3575,323,1,16,1493,1
892,593,1,67,959,1
409,508,1,43,1358,0
618,1714,0,60,531,0
1648,391,1,92,1962,1
2158,1998,1,67,364,1
1392,874,1,73,956,1
1413,837,1,24,2345,1
829,1019,1,94,1492,1
3302,1916,1,66,1657,1
829,607,1,1,545,0
429,1778,1,88,1324,1
4229,1804,1,48,2225,1
4527,695,1,69,959,1
3312,498,1,25,630,1
1518,494,1,71,437,1
777,725,1,98,1735,1
2054,1101,1,26,2253,1
2149,513,1,88,554,1
3039,394,1,17,833,1
1559,1647,1,53,1012,1
1774,1885,0,0,668,0
2655,299,1,60,2068,1
3726,1397,1,2,740,1
4615,1984,1,67,1842,1
4491,800,1,40,418,1
2303,869,1,36,93,1
4847,1722,1,50,2213,1
2718,553,1,14,716,1
910,653,1,7,1971,0
3094,1878,1,37,1457,1
2019,572,0,82,143,1
251,1215,1,55,797,0
2395,857,0,46,873,1
4278,774,1,89,676,1
681,449,1,9,286,0
173,1598,1,77,1785,1
474,367,1,48,891,0
3052,127,1,40,2070,1
4602,1216,1,82,2399,2
4805,746,1,29,2092,1
2452,684,1,4,1247,1
4808,424,1,94,168,1
2365,1654,1,70,1143,1
4288,1280,1,82,1861,1
4734,1647,1,30,288,1
2567,1577,1,51,120,1
555,1363,1,87,551,0
4729,96,1,97,1148,2
3845,1558,1,22,369,1
603,1894,1,47,1248,0
4849,67,1,39,1766,1
3814,1690,1,5,964,1
1469,516,1,37,2316,1
3503,1167,1,40,2177,1
2611,1726,1,99,985,1
2454,1213,1,26,922,1
2682,1233,1,74,1161,1
4210,776,1,68,732,1
26,1242,1,56,1721,0
3201,260,0,16,334,1
402,139,1,70,1539,1
434,1601,1,90,1559,1
581,879,1,46,1083,0
3641,826,1,78,1955,1
1130,92,1,12,1617,1
251,1864,1,10,2126,0
3907,992,1,89,400,1
4105,1235,1,85,25,1
2289,1157,1,91,855,1
798,827,1,23,878,0
724,1031,1,92,577,1
4864,978,1,72,2189,2
2859,938,1,3,2029,1
785,1782,1,45,2330,1
4036,125,1,17,1656,1
2257,1413,1,42,366,1
88,1642,1,79,1666,0
3936,1066,1,32,2290,1
865,1369,1,92,45,1
2158,1012,1,9,1037,1
1041,929,1,72,2101,1
4950,649,1,58,123,1
3281,718,1,30,1782,1
3586,864,0,27,1207,1
4192,25,1,59,1288,1
3466,246,0,2,475,1
3516,459,1,54,1497,1
417,967,1,13,856,0
2721,625,1,57,511,1
3098,307,1,88,450,1
1678,1624,1,14,2126,1
157,1623,1,1,335,0
4337,807,1,23,1775,1
3907,968,1,77,76,1
1960,73,1,63,313,1
375,1157,1,70,981,0
1684,200,1,99,493,1
4541,144,1,23,938,1
4504,1472,1,26,1450,1
2556,287,1,36,158,1
572,316,1,93,2305,1
3572,750,1,90,1134,1
2499,1563,1,38,105,1
782,1693,0,62,291,0
2047,281,1,78,2379,1
3433,65,0,25,538,1
2577,1347,1,64,2320,1
1583,1918,1,3,1652,0
3704,56,1,28,589,1
3301,1884,1,0,1673,1
1256,157,1,49,2351,1
3729,1777,1,85,1641,1
3849,1339,1,10,819,1
369,1842,1,73,702,0
2386,548,1,58,244,1
3019,571,1,61,961,1
3003,1892,1,80,1864,1
972,1417,1,35,1370,0
3642,1576,1,55,1041,1
1837,626,1,89,1476,1
1623,1205,1,20,1974,1
1650,1390,1,12,548,0
2226,318,1,8,829,1
4322,811,0,10,1691,1
387,852,1,74,281,0
4224,101,1,69,1038,1
4295,885,1,0,1932,1
379,1241,1,69,1252,0
2206,833,1,76,1151,1
3757,141,0,85,602,1
661,1034,1,55,1615,1
779,1015,1,30,124,0
2431,113,1,85,2320,1
790,551,1,36,1687,1
1726,1067,1,46,1455,1
3993,666,1,90,216,1
1321,429,1,77,2360,1
3369,634,1,46,121,1
532,265,0,68,1450,1
531,1454,1,57,1892,1
4888,91,1,35,194,1
2330,469,1,31,1774,1
945,80,1,97,910,1
2240,475,0,63,230,1
4050,1991,1,70,1477,1
4593,418,1,41,1103,1
4951,829,1,47,2022,1
3707,899,1,73,610,1
2847,730,1,80,1170,1
4093,461,1,29,513,1
2471,1313,0,20,2188,1
3253,1267,1,59,227,1
3369,1705,1,12,2228,1
695,1627,1,0,1508,0
2170,657,1,64,621,1
3998,676,1,32,1162,1
4076,1586,1,37,66,1
1577,1400,1,24,1214,0
48,499,1,25,255,0
2554,1652,1,76,153,1
4885,1947,1,58,377,1
1266,1073,1,91,1492,1
3000,1429,0,32,2275,1
2206,1275,1,40,625,1
3478,1644,1,29,1891,1
2718,601,1,56,1598,1
311,454,1,48,708,0
656,489,1,47,885,0
4768,650,0,71,1695,1
1769,624,1,48,954,1
4361,1046,1,46,932,1
607,1634,1,55,1756,0
671,666,1,64,34,0
4340,762,1,11,1697,1
1378,293,1,68,1569,1
2591,1442,1,87,1093,1
3878,725,1,5,443,1
3547,642,1,88,1099,1
4875,239,1,64,1961,2
4318,420,1,24,2163,1
4568,942,1,0,105,1
292,503,1,31,177,0
3688,978,0,2,2099,1
1496,638,1,48,1912,1
4092,1678,1,18,2161,1
4193,1024,1,59,1878,1
470,119,1,28,2008,1
2335,936,0,49,2339,1
3764,678,1,1,1143,1
2478,1741,1,72,2020,1
1734,1262,1,55,758,1
1386,1568,1,16,1901,0
2753,1039,1,59,840,1
524,210,0,35,58,0
712,1707,1,60,124,0
1663,251,1,16,1188,1
2076,1587,0,48,1682,1
32,762,0,75,80,0
2470,1155,1,59,1369,1
1314,151,1,19,76,0
3310,122,1,49,1526,1
371,1939,1,2,1683,0
3737,1410,1,42,1787,1
1294,416,1,56,976,1
524,1692,0,49,2238,1
458,1612,1,67,1799,1
1865,367,1,80,622,1
4979,1537,1,49,1896,1
3572,141,1,36,1632,1
2530,1203,1,45,706,1
3091,1317,1,41,2305,1
1438,962,1,14,1247,0
3977,1509,1,32,258,1
932,23,1,79,647,1
3147,199,1,10,959,1
2169,334,1,19,1914,1
2557,1964,1,23,1121,1
2989,179,1,63,185,1
2291,1006,1,79,732,1
2659,453,1,93,780,1
323,1953,1,97,1957,1
2623,950,1,64,712,1
3093,1382,1,87,2138,1
2266,1527,1,87,936,1
1047,145,1,72,147,1
3499,762,1,85,1159,1
2644,1925,0,75,1950,1
3993,934,1,16,1901,1
1788,97,1,88,1888,1
3905,1972,1,91,1263,1
1134,243,1,60,1493,1
707,209,1,14,1378,0
2189,564,1,93,319,1
1414,1461,0,50,1053,1
1053,249,1,26,1680,1
1939,836,1,85,1574,1
1023,1345,1,73,1593,1
236,929,1,60,1510,0
1838,299,1,57,2326,1
4927,644,1,30,779,1
2033,860,1,90,25,1
4976,1310,1,11,615,1
2462,21,1,45,1391,1
2095,75,1,30,822,1
4293,1297,1,31,2000,1
1090,1353,1,31,904,0
2330,1822,1,98,1577,1
3200,309,1,52,2326,1
2640,1479,1,60,423,1
2573,1035,1,45,34,1
3302,1342,1,84,2014,1
4631,821,1,73,325,1
3596,1131,1,79,580,1
4441,825,1,6,734,1
2957,197,1,3,1859,1
3969,1781,1,90,1309,1
2823,1602,1,51,1963,1
2593,533,1,88,398,1
171,175,1,30,453,0
603,1565,1,74,980,0
3269,255,1,83,1974,1
4165,1793,1,35,2399,1
2972,1415,1,53,1838,1
3898,1235,1,53,313,1
3400,545,1,16,773,1
4511,1657,1,74,1983,1
673,420,1,29,825,0
1142,798,1,98,2169,1
551,1408,1,21,887,0
2984,1172,1,42,712,1
877,29,1,26,953,0
2076,1850,1,36,2336,1
441,672,1,45,2070,1
4845,1101,1,34,312,1
4288,636,1,3,1589,1
1216,1852,1,79,169,0
2538,1861,0,79,2211,1
1179,1121,1,84,2238,1
840,509,1,25,1213,0
1661,1626,1,99,1201,1
1146,340,1,18,1183,0
2820,429,1,80,2073,1
485,503,1,44,1124,0
2820,1392,1,25,1153,1
1336,951,1,21,1989,1
1029,634,0,57,262,0
1846,1773,1,62,1442,1
4266,1227,1,27,2088,1
2458,722,1,64,740,1
4303,1441,1,43,2346,1
1293,343,1,99,507,1
669,663,1,42,1438,0
2020,966,1,36,557,1
408,1965,1,65,970,0
1743,433,1,16,141,0
2135,1811,1,39,1357,1
2181,903,0,37,867,1
84,143,1,84,1165,1
4707,1721,1,60,2042,1
3481,946,1,8,530,1
846,546,1,76,39,1
509,61,1,74,2061,1
147,1260,1,60,518,0
2107,662,1,79,1270,1
3706,439,1,15,1568,1
1895,388,1,1,25,0
2767,564,1,71,1006,1
3930,198,1,42,1617,1
1910,1764,1,41,1849,1
2620,1676,1,76,2026,1
3996,538,1,56,1263,1
1459,522,1,80,1753,1
556,720,1,87,2320,1
4686,755,1,66,1098,1
2013,189,1,29,2322,1
2106,1900,1,12,1371,0
713,296,1,18,387,0
2413,1363,1,6,1208,1
1635,736,1,8,485,0
3341,120,1,82,1299,1
4743,829,1,53,338,1
2988,1077,1,85,1849,1
4746,689,1,81,1196,1
2849,86,1,60,447,1
3394,838,1,86,1400,1
2669,337,0,1,1783,1
1871,561,1,49,1232,1
2866,339,1,74,1533,1
695,536,1,30,2073,1
4293,1988,1,32,1854,1
1629,225,1,77,1329,1
4653,639,1,79,877,1
1441,1774,0,10,1821,0
885,1761,1,32,993,0
4723,327,1,6,1272,1
2471,1879,1,30,1334,1
1375,7,1,47,2063,1
1253,1722,1,46,1028,0
172,210,1,77,1799,1
1984,1860,1,91,816,1
3301,44,1,52,1903,1
279,63,1,79,1419,1
641,955,0,18,1328,0
915,578,1,80,1151,1
3481,648,1,89,414,1
3263,1535,1,5,1796,1
2024,1600,1,48,603,1
1651,1912,1,72,21,1
214,847,1,49,2222,1
591,1150,1,80,1327,1
850,1507,1,94,1552,1
1729,623,1,11,2135,1
2653,100,1,22,623,1
2307,1887,1,53,1996,1
884,1442,1,68,878,1
699,1263,1,99,821,1
4010,902,1,58,1832,1
3151,1090,1,35,776,1
1432,1284,1,2,91,0
681,565,1,57,1754,1
1181,909,1,87,2266,1
3736,352,1,54,531,1
953,675,1,56,1337,1
1459,1152,0,16,1003,0
3747,1510,1,38,1535,1
2549,321,1,89,1479,1
3969,1532,1,67,1523,1
4270,723,1,54,790,1
2371,1076,1,44,1461,1
3662,1437,1,75,568,1
3680,1960,1,0,2148,1
1763,1164,1,20,2047,1
2362,1229,0,82,1763,1
1948,254,0,20,869,1
380,318,1,51,1622,1
4958,1897,1,81,565,1
4489,1396,1,42,165,1
1941,1457,1,51,2059,1
434,1858,1,66,1390,0
4734,811,1,43,834,1
904,1508,1,31,1602,0
607,1342,1,9,1091,0
3072,1528,1,63,1213,1
2346,1749,1,78,502,1
4698,1383,1,68,678,1
1697,489,0,67,84,1
582,1239,1,27,380,0
2100,1732,1,52,596,1
3679,48,1,50,338,1
